<?xml version="1.0" encoding="UTF-8"?>
<addon id="plugin.video.livetv.czsk" version="1.4.20" name="LiveTV - CZ/SK" provider-name="cratos38">
    <requires>
        <import addon="xbmc.python" version="3.0.0"/>
        <import addon="script.module.requests" version="2.22.0"/>
        <import addon="script.module.beautifulsoup4" version="4.9.0"/>
        <import addon="inputstream.adaptive" version="2.0.0" optional="true"/>
    </requires>
    <extension point="xbmc.python.pluginsource" library="main.py">
        <provides>video</provides>
    </extension>
    <extension point="xbmc.service" library="service.py" start="startup"/>
    <extension point="xbmc.addon.metadata">
        <platform>all</platform>
        <summary lang="en">Live TV channels from Czech Republic and Slovakia</summary>
        <summary lang="cs">Ceska a slovenska televize zive</summary>
        <summary lang="sk">Ceska a slovenska televizia nazivo</summary>
        <description lang="en">Watch free live TV channels from Czech Republic and Slovakia. Supports EPG (Electronic Program Guide) and integration with PVR IPTV Simple Client.

Supported channels:
- CT (Ceska televize): CT1, CT2, CT24, CT Sport, CT:D/art
- RTVS (Slovak TV): Jednotka, Dvojka, :24, Sport
- Prima: Prima, Cool, Max, Krimi, Love, Zoom, Star, Show, CNN Prima News
- JOJ: JOJ, Plus, WAU, Family, Cinema, 24
- TA3, Ocko, and more...

Features:
- Live TV streaming
- EPG support (7 days)
- Catch-up for supported channels (Phase 3)
- PVR IPTV Simple Client integration</description>
        <description lang="cs">Sledujte ceske a slovenske televizni kanaly zdarma.</description>
        <description lang="sk">Sledujte ceske a slovenske televizne kanaly zadarmo.</description>
        <license>AGPL-3.0-or-later</license>
        <website>https://github.com/cratos38/kodirepo-fix</website>
        <source>https://github.com/cratos38/kodirepo-fix</source>
        <assets>
            <icon>resources/icon.png</icon>
        </assets>
        <news>
v1.4.20 (2026-01-17)
- Added visual notifications showing programme search and playback
- Shows "Buscando: [title]" when starting catchup search
- Shows "Reproduciendo: [title]" when stream starts
- This helps debug any EPG/catchup sync issues

v1.4.19 (2026-01-17)
- Added detailed logging for debugging

v1.4.18 (2026-01-17)
- NEW: CATCHUP by PROGRAMME NAME (no more timestamp issues!)
- EPG now includes catchup-id with programme title
- M3U uses {catchup-id} to pass title directly to script
- CT catchup searches by name first, timestamp fallback
- Eliminates all timezone/timestamp discrepancies forever

v1.4.0 (2026-01-17)
- FIXED: Prima catchup "NoneType" error definitively
- Changed to use datetime module directly (dt_module.datetime.strptime)
- Prevents any possible name collision in Kodi multi-threaded environment

v1.3.9 (2026-01-17)
- Attempted fix for datetime import (didn't work)

v1.3.2 (2026-01-16)
- NEW: CATCHUP support for Prima channels (requires free iprima.cz account)
- Prima, Prima Cool, Prima Max, Prima Krimi, Prima Love, Prima Zoom, Prima Star, Prima Show, CNN Prima News
- NEW: Prima+ API integration for archive playback
- NEW: Settings for Prima+ login (email/password)

v1.3.1 (2026-01-16)
- NEW: CATCHUP support for CT channels (7 days archive)
- CT1, CT2, CT24, CT Sport, CT:D/art now support catchup
- Uses new CT API 2025/2026

v1.3.0 (2026-01-16)
- NEW: Auto-restart Kodi option after PVR config
- NEW: Clear instructions if channels don't appear
- Tells user: TV > Context menu > Update channels

v1.2.9 (2026-01-16)
- FIXED: PVR instance config write (like Freeview)
- Added debug logging for PVR setup

v1.2.8 (2026-01-16)
- FIXED: Settings.xml format for Kodi Nexus
- Custom icon (retro red TV with antenna)
- PVR auto-config with instance support

v1.2.6 (2026-01-16)
- FIXED: PVR setup works with instance-based config

v1.2.5 (2026-01-16)
- Instructions only (didn't auto-configure)

v1.2.4 (2026-01-16)
- Attempted auto-config (doesn't work with instances)

v1.2.3 (2026-01-16)
- NEW: Main menu with options

v1.2.2 (2026-01-16)
- FIXED: NO REMAPPING - use iptv-epg.org IDs directly!

v1.2.1 (2026-01-16)
- Attempted ID remapping (didn't work)

v1.2.0 (2026-01-16)
- FIXED: BeautifulSoup4 dependency added
- FIXED: EPG processor now creates epg.xml correctly
- NEW: Regenerate EPG button in settings
- NEW: Export M3U button in settings

v1.1.0 (2026-01-16)
- NEW: EPG support (Electronic Program Guide)
- Downloads EPG from iptv-epg.org
- EPG mapped for 30+ channels
        </news>
    </extension>
</addon>
