<?xml version="1.0" encoding="UTF-8"?>
<addon id="repository.livetv.czsk" name="LiveTV CZ/SK Repository" version="1.0.0" provider-name="cratos38">
    <extension point="xbmc.addon.repository" name="LiveTV CZ/SK Repository">
        <dir>
            <info compressed="false">https://cratos38.github.io/kodirepo-livetv-czsk/addons.xml</info>
            <checksum>https://cratos38.github.io/kodirepo-livetv-czsk/addons.xml.md5</checksum>
            <datadir zip="true">https://cratos38.github.io/kodirepo-livetv-czsk/</datadir>
        </dir>
    </extension>
    <extension point="xbmc.addon.metadata">
        <summary lang="en">LiveTV CZ/SK Repository</summary>
        <summary lang="cs">LiveTV CZ/SK Repozitar</summary>
        <summary lang="sk">LiveTV CZ/SK Repozitar</summary>
        <description lang="en">Repository for Czech and Slovak TV addons with EPG and catch-up support.</description>
        <description lang="cs">Repozitar pro ceske a slovenske TV doplnky s EPG a archivem.</description>
        <description lang="sk">Repozitar pre ceske a slovenske TV doplnky s EPG a archivom.</description>
        <platform>all</platform>
        <license>AGPL-3.0</license>
        <source>https://github.com/cratos38/kodirepo-livetv-czsk</source>
        <assets>
            <icon>icon.png</icon>
        </assets>
    </extension>
</addon>
